{
    "images": [
        {
            "height": 480,
            "width": 480,
            "id": 0,
            "file_name": "5b (1).bmp"
        },
        {
            "height": 480,
            "width": 480,
            "id": 1,
            "file_name": "5b (2).bmp"
        },
        {
            "height": 480,
            "width": 480,
            "id": 2,
            "file_name": "5b (3).bmp"
        },
        {
            "height": 480,
            "width": 480,
            "id": 3,
            "file_name": "5b.bmp"
        },
        {
            "height": 480,
            "width": 480,
            "id": 4,
            "file_name": "6s.bmp"
        },
        {
            "height": 480,
            "width": 480,
            "id": 5,
            "file_name": "1d (1).bmp"
        },
        {
            "height": 480,
            "width": 480,
            "id": 6,
            "file_name": "1d.bmp"
        },
        {
            "height": 480,
            "width": 480,
            "id": 7,
            "file_name": "1s (1).bmp"
        }
    ],
    "categories": [
        {
            "supercategory": "bottom",
            "id": 0,
            "name": "bottom"
        },
        {
            "supercategory": "top",
            "id": 1,
            "name": "top"
        }
    ],
    "annotations": [
        {
            "segmentation": [
                [
                    132.34421364985164,
                    168.2492581602374,
                    202.07715133531156,
                    164.39169139465875,
                    260.5341246290801,
                    169.43620178041542,
                    257.566765578635,
                    302.07715133531156,
                    268.2492581602374,
                    312.46290801186944,
                    270.919881305638,
                    316.61721068249255,
                    269.43620178041544,
                    329.97032640949556,
                    270.02967359050444,
                    336.7952522255193,
                    272.70029673590506,
                    347.18100890207717,
                    267.35905044510383,
                    379.2284866468843,
                    256.6765578635015,
                    391.9881305637982,
                    256.08308605341244,
                    418.69436201780417,
                    128.7833827893175,
                    418.69436201780417,
                    130.26706231454006,
                    382.7893175074184,
                    124.92581602373888,
                    365.5786350148368,
                    124.92581602373888,
                    332.6409495548961,
                    121.06824925816024,
                    317.2106824925816,
                    119.8813056379822,
                    310.38575667655783,
                    125.22255192878337,
                    310.08902077151333,
                    128.7833827893175,
                    299.40652818991094,
                    132.64094955489614,
                    285.459940652819
                ]
            ],
            "iscrowd": 0,
            "area": 33416.733439582866,
            "image_id": 0,
            "bbox": [
                119.0,
                164.0,
                153.0,
                254.0
            ],
            "category_id": 0,
            "id": 1
        },
        {
            "segmentation": [
                [
                    138.70967741935485,
                    176.41129032258064,
                    196.16935483870967,
                    164.91935483870967,
                    265.3225806451613,
                    178.6290322580645,
                    263.7096774193548,
                    238.30645161290323,
                    270.9677419354839,
                    284.0725806451613,
                    276.81451612903226,
                    295.36290322580646,
                    273.38709677419354,
                    305.0403225806452,
                    261.491935483871,
                    329.23387096774195,
                    259.0725806451613,
                    419.758064516129,
                    132.25806451612902,
                    419.758064516129,
                    134.4758064516129,
                    324.7983870967742,
                    124.39516129032258,
                    312.0967741935484,
                    125.60483870967742,
                    280.8467741935484,
                    129.11640211640207,
                    266.1957671957672,
                    137.09677419354838,
                    253.2258064516129
                ]
            ],
            "iscrowd": 0,
            "area": 32646.595244461263,
            "image_id": 1,
            "bbox": [
                124.0,
                164.0,
                152.0,
                255.0
            ],
            "category_id": 0,
            "id": 2
        },
        {
            "segmentation": [
                [
                    138.66666666666666,
                    175.33333333333334,
                    199.77777777777777,
                    168.88888888888889,
                    265.55555555555554,
                    173.33333333333334,
                    266.0,
                    270.6666666666667,
                    273.77777777777777,
                    300.44444444444446,
                    274.0,
                    319.77777777777777,
                    264.22222222222223,
                    335.3333333333333,
                    265.3333333333333,
                    418.6666666666667,
                    138.0,
                    419.77777777777777,
                    138.88888888888889,
                    324.6666666666667,
                    130.0,
                    311.1111111111111,
                    130.0,
                    293.55555555555554,
                    141.33333333333334,
                    261.1111111111111
                ]
            ],
            "iscrowd": 0,
            "area": 31936.69135802472,
            "image_id": 2,
            "bbox": [
                130.0,
                168.0,
                144.0,
                251.0
            ],
            "category_id": 0,
            "id": 3
        },
        {
            "segmentation": [
                [
                    151.08153078202994,
                    168.88519134775376,
                    220.6322795341098,
                    162.063227953411,
                    279.53410981697175,
                    168.5524126455907,
                    277.20465890183027,
                    261.39767054908486,
                    280.86522462562397,
                    269.7171381031614,
                    284.85856905158073,
                    295.84026622296176,
                    288.6855241264559,
                    303.6605657237937,
                    282.52911813643925,
                    325.4575707154742,
                    273.04492512479203,
                    337.1048252911814,
                    271.2146422628952,
                    419.63394342762064,
                    145.2579034941764,
                    419.9667221297837,
                    146.25623960066557,
                    342.92845257903497,
                    135.7737104825291,
                    319.13477537437603,
                    137.43760399334442,
                    312.97836938435944,
                    140.43261231281198,
                    311.98003327787023,
                    140.43261231281198,
                    298.00332778702165,
                    139.10149750415974,
                    294.675540765391,
                    144.25956738768718,
                    290.6821963394343,
                    148.25291181364392,
                    275.2079866888519
                ]
            ],
            "iscrowd": 0,
            "area": 33408.51769513381,
            "image_id": 3,
            "bbox": [
                135.0,
                162.0,
                153.0,
                257.0
            ],
            "category_id": 0,
            "id": 4
        },
        {
            "segmentation": [
                [
                    138.38630806845967,
                    173.83863080684597,
                    268.4596577017115,
                    171.63814180929097,
                    267.72616136919316,
                    180.44009779951102,
                    272.86063569682153,
                    285.8190709046455,
                    286.0635696821516,
                    291.6870415647922,
                    280.440097799511,
                    309.5354523227384,
                    283.61858190709046,
                    322.00488997555016,
                    284.35207823960883,
                    345.2322738386308,
                    281.6625916870416,
                    359.41320293398536,
                    273.10513447432766,
                    371.39364303178485,
                    271.1491442542787,
                    376.77261613691934,
                    273.3496332518337,
                    418.3374083129585,
                    144.7432762836186,
                    419.55990220048903,
                    145.23227383863082,
                    361.36919315403424,
                    139.3643031784841,
                    331.78484107579465,
                    142.29828850855745,
                    312.958435207824,
                    140.09779951100245,
                    294.1320293398533,
                    136.67481662591686,
                    289.73105134474326,
                    142.54278728606357,
                    287.28606356968214
                ]
            ],
            "iscrowd": 0,
            "area": 32733.544156240067,
            "image_id": 4,
            "bbox": [
                136.0,
                171.0,
                150.0,
                248.0
            ],
            "category_id": 1,
            "id": 5
        },
        {
            "segmentation": [
                [
                    127.8225806451613,
                    173.58870967741936,
                    255.24193548387098,
                    172.17741935483872,
                    257.4596774193548,
                    285.68548387096774,
                    271.1693548387097,
                    312.7016129032258,
                    265.5241935483871,
                    329.43548387096774,
                    264.31451612903226,
                    334.6774193548387,
                    267.33870967741933,
                    341.93548387096774,
                    257.66129032258067,
                    361.491935483871,
                    258.4677419354839,
                    419.758064516129,
                    128.6290322580645,
                    419.55645161290323,
                    131.25,
                    365.5241935483871,
                    120.36290322580645,
                    344.9596774193548,
                    120.76612903225806,
                    334.4758064516129,
                    119.75806451612904,
                    308.06451612903226,
                    121.97580645161291,
                    302.4193548387097,
                    126.61290322580645,
                    293.75,
                    132.05645161290323,
                    285.28225806451616
                ]
            ],
            "iscrowd": 0,
            "area": 32491.077816077042,
            "image_id": 5,
            "bbox": [
                119.0,
                172.0,
                152.0,
                247.0
            ],
            "category_id": 1,
            "id": 6
        },
        {
            "segmentation": [
                [
                    144.0,
                    175.33333333333334,
                    273.1111111111111,
                    171.11111111111111,
                    274.6666666666667,
                    289.1111111111111,
                    275.77777777777777,
                    292.0,
                    281.1111111111111,
                    295.55555555555554,
                    281.1111111111111,
                    332.8888888888889,
                    277.77777777777777,
                    349.1111111111111,
                    273.3333333333333,
                    364.0,
                    274.6666666666667,
                    419.3333333333333,
                    144.22222222222223,
                    418.8888888888889,
                    145.33333333333334,
                    357.77777777777777,
                    141.33333333333334,
                    342.0,
                    139.55555555555554,
                    327.77777777777777,
                    138.44444444444446,
                    319.77777777777777,
                    136.0,
                    292.6666666666667,
                    141.55555555555554,
                    286.8888888888889,
                    145.11111111111111,
                    276.8888888888889,
                    145.11111111111111,
                    266.22222222222223
                ]
            ],
            "iscrowd": 0,
            "area": 32562.222222222248,
            "image_id": 6,
            "bbox": [
                136.0,
                171.0,
                145.0,
                248.0
            ],
            "category_id": 1,
            "id": 7
        },
        {
            "segmentation": [
                [
                    141.28571428571428,
                    172.015873015873,
                    269.2179700499168,
                    172.21297836938436,
                    272.8785357737105,
                    263.3943427620632,
                    275.2079866888519,
                    270.38269550748754,
                    273.04492512479203,
                    290.6821963394343,
                    273.54409317803663,
                    292.67886855241267,
                    278.8685524126456,
                    307.98668885191347,
                    273.04492512479203,
                    318.80199667221297,
                    270.38269550748754,
                    333.9434276206323,
                    271.0482529118137,
                    419.80033277870217,
                    143.59400998336108,
                    419.30116472545757,
                    143.261231281198,
                    318.80199667221297,
                    138.76871880199667,
                    310.98169717138103,
                    136.2728785357737,
                    305.9900166389351,
                    142.7620632279534,
                    293.01164725457573
                ]
            ],
            "iscrowd": 0,
            "area": 32047.945502620598,
            "image_id": 7,
            "bbox": [
                136.0,
                172.0,
                142.0,
                247.0
            ],
            "category_id": 1,
            "id": 8
        }
    ]
}