{
    "images": [
        {
            "height": 480,
            "width": 480,
            "id": 0,
            "file_name": "..\\5b (1)bottom.jpg"
        },
        {
            "height": 480,
            "width": 480,
            "id": 1,
            "file_name": "5b (2)bottom.jpg"
        },
        {
            "height": 480,
            "width": 480,
            "id": 2,
            "file_name": "5b (21)bottom.jpg"
        },
        {
            "height": 480,
            "width": 480,
            "id": 3,
            "file_name": "5b (22)bottom.jpg"
        },
        {
            "height": 480,
            "width": 480,
            "id": 4,
            "file_name": "5b (3)bottom.jpg"
        },
        {
            "height": 480,
            "width": 480,
            "id": 5,
            "file_name": "5b (4)bottom.jpg"
        },
        {
            "height": 480,
            "width": 480,
            "id": 6,
            "file_name": "6s top (1).jpg"
        },
        {
            "height": 480,
            "width": 480,
            "id": 7,
            "file_name": "6s top (2).jpg"
        },
        {
            "height": 480,
            "width": 480,
            "id": 8,
            "file_name": "6s top (3).jpg"
        },
        {
            "height": 480,
            "width": 480,
            "id": 9,
            "file_name": "6s top (32).jpg"
        },
        {
            "height": 480,
            "width": 480,
            "id": 10,
            "file_name": "6s top (33).jpg"
        },
        {
            "height": 480,
            "width": 480,
            "id": 11,
            "file_name": "6s top (4).jpg"
        }
    ],
    "categories": [
        {
            "supercategory": "bottom",
            "id": 0,
            "name": "bottom"
        },
        {
            "supercategory": "top",
            "id": 1,
            "name": "top"
        }
    ],
    "annotations": [
        {
            "segmentation": [
                [
                    136.51079136690646,
                    176.6187050359712,
                    195.50359712230212,
                    166.54676258992805,
                    266.0071942446043,
                    179.49640287769782,
                    265.64748201438846,
                    239.92805755395682,
                    277.1582733812949,
                    300.3597122302158,
                    259.89208633093523,
                    331.294964028777,
                    260.61151079136687,
                    418.70503597122297,
                    131.11510791366905,
                    419.42446043165467,
                    134.35251798561148,
                    328.0575539568345,
                    124.28057553956833,
                    311.51079136690646,
                    124.28057553956833,
                    291.0071942446043,
                    139.02877697841726,
                    253.23741007194243
                ]
            ],
            "iscrowd": 0,
            "area": 32634.56860410946,
            "image_id": 0,
            "bbox": [
                124.0,
                166.0,
                153.0,
                253.0
            ],
            "category_id": 0,
            "id": 1
        },
        {
            "segmentation": [
                [
                    140.46031746031747,
                    174.20634920634922,
                    203.55555555555554,
                    169.04761904761904,
                    266.25396825396825,
                    174.20634920634922,
                    265.85714285714283,
                    267.46031746031747,
                    273.3968253968254,
                    304.76190476190476,
                    265.46031746031747,
                    334.5238095238095,
                    266.25396825396825,
                    418.6507936507937,
                    140.06349206349205,
                    419.44444444444446,
                    139.66666666666666,
                    324.6031746031746,
                    126.17460317460316,
                    308.3333333333333,
                    139.66666666666666,
                    268.6507936507937
                ]
            ],
            "iscrowd": 0,
            "area": 31807.996346686792,
            "image_id": 1,
            "bbox": [
                126.0,
                169.0,
                147.0,
                250.0
            ],
            "category_id": 0,
            "id": 2
        },
        {
            "segmentation": [
                [
                    120.77777777777777,
                    178.36507936507937,
                    187.4444444444444,
                    170.42857142857142,
                    247.2328042328042,
                    183.12698412698413,
                    241.94179894179894,
                    255.6137566137566,
                    253.58201058201058,
                    322.28042328042324,
                    243.5291005291005,
                    335.5079365079365,
                    244.058201058201,
                    419.6349206349206,
                    118.66137566137564,
                    418.57671957671954,
                    120.24867724867721,
                    335.5079365079365,
                    113.89947089947088,
                    322.28042328042324
                ]
            ],
            "iscrowd": 0,
            "area": 31030.626242266473,
            "image_id": 2,
            "bbox": [
                113.0,
                170.0,
                140.0,
                249.0
            ],
            "category_id": 0,
            "id": 3
        },
        {
            "segmentation": [
                [
                    125.53968253968253,
                    167.78306878306879,
                    196.43915343915342,
                    164.6084656084656,
                    255.69841269841265,
                    167.78306878306879,
                    254.1111111111111,
                    289.4761904761905,
                    263.6349206349206,
                    306.9365079365079,
                    250.9365079365079,
                    322.28042328042324,
                    250.4074074074074,
                    416.4603174603174,
                    122.8941798941799,
                    420.16402116402116,
                    125.53968253968253,
                    311.16931216931215,
                    125.53968253968253,
                    277.3068783068783,
                    127.65608465608466,
                    257.2010582010582,
                    126.5978835978836,
                    244.5026455026455
                ]
            ],
            "iscrowd": 0,
            "area": 32372.413986170606,
            "image_id": 3,
            "bbox": [
                122.0,
                164.0,
                141.0,
                256.0
            ],
            "category_id": 0,
            "id": 4
        },
        {
            "segmentation": [
                [
                    149.34920634920633,
                    169.89947089947088,
                    221.30687830687827,
                    163.55026455026453,
                    278.44973544973544,
                    169.37037037037035,
                    277.3915343915344,
                    263.021164021164,
                    286.9153439153439,
                    308.5238095238095,
                    272.10052910052906,
                    339.7407407407407,
                    271.042328042328,
                    419.1058201058201,
                    143.0,
                    417.5185185185185,
                    146.7037037037037,
                    342.9153439153439,
                    134.5343915343915,
                    315.9312169312169,
                    150.4074074074074,
                    276.2486772486772
                ]
            ],
            "iscrowd": 0,
            "area": 32899.974804736674,
            "image_id": 4,
            "bbox": [
                134.0,
                163.0,
                152.0,
                256.0
            ],
            "category_id": 0,
            "id": 5
        },
        {
            "segmentation": [
                [
                    134.00529100529099,
                    192.65079365079364,
                    173.68783068783068,
                    194.2380952380952,
                    254.1111111111111,
                    192.65079365079364,
                    259.40211640211635,
                    256.1428571428571,
                    271.042328042328,
                    297.4126984126984,
                    250.9365079365079,
                    316.4603174603174,
                    268.39682539682536,
                    334.44973544973544,
                    257.2857142857143,
                    351.9100529100529,
                    259.40211640211635,
                    418.57671957671954,
                    135.06349206349205,
                    416.4603174603174,
                    134.00529100529099,
                    348.20634920634916,
                    113.37037037037038,
                    338.15343915343914,
                    130.3015873015873,
                    300.58730158730157,
                    137.17989417989418,
                    257.2010582010582
                ]
            ],
            "iscrowd": 0,
            "area": 28631.757229640847,
            "image_id": 5,
            "bbox": [
                113.0,
                192.0,
                158.0,
                226.0
            ],
            "category_id": 0,
            "id": 6
        },
        {
            "segmentation": [
                [
                    126.5978835978836,
                    174.1322751322751,
                    255.16931216931215,
                    171.48677248677248,
                    258.87301587301585,
                    288.4179894179894,
                    271.042328042328,
                    313.2857142857143,
                    257.2857142857143,
                    364.07936507936506,
                    259.9312169312169,
                    416.4603174603174,
                    131.88888888888886,
                    418.57671957671954,
                    131.35978835978835,
                    363.021164021164,
                    118.66137566137564,
                    343.97354497354496,
                    119.19047619047615,
                    309.05291005291,
                    130.8306878306878,
                    286.3015873015873
                ]
            ],
            "iscrowd": 0,
            "area": 32387.81109151477,
            "image_id": 6,
            "bbox": [
                118.0,
                171.0,
                153.0,
                247.0
            ],
            "category_id": 1,
            "id": 7
        },
        {
            "segmentation": [
                [
                    143.5291005291005,
                    176.77777777777777,
                    273.1587301587301,
                    170.42857142857142,
                    273.6878306878307,
                    286.8306878306878,
                    283.2116402116402,
                    298.47089947089944,
                    274.2169312169312,
                    360.37566137566137,
                    276.3333333333333,
                    418.57671957671954,
                    144.58730158730157,
                    418.04761904761904,
                    146.17460317460313,
                    352.9682539682539,
                    138.76719576719574,
                    323.86772486772486,
                    138.76719576719574,
                    295.2962962962963,
                    145.64550264550263,
                    274.66137566137564
                ]
            ],
            "iscrowd": 0,
            "area": 32249.9370118418,
            "image_id": 7,
            "bbox": [
                138.0,
                170.0,
                145.0,
                248.0
            ],
            "category_id": 1,
            "id": 8
        },
        {
            "segmentation": [
                [
                    144.05820105820106,
                    173.60317460317458,
                    269.4550264550264,
                    169.37037037037035,
                    273.1587301587301,
                    272.5449735449735,
                    272.10052910052906,
                    294.23809523809524,
                    281.0952380952381,
                    311.69841269841265,
                    268.39682539682536,
                    326.5132275132275,
                    269.98412698412693,
                    419.6349206349206,
                    143.5291005291005,
                    417.5185185185185,
                    142.47089947089944,
                    317.5185185185185,
                    131.35978835978835,
                    303.76190476190476,
                    141.94179894179894,
                    288.4179894179894
                ]
            ],
            "iscrowd": 0,
            "area": 31861.92995716806,
            "image_id": 8,
            "bbox": [
                131.0,
                169.0,
                150.0,
                250.0
            ],
            "category_id": 1,
            "id": 9
        },
        {
            "segmentation": [
                [
                    141.94179894179894,
                    167.78306878306879,
                    272.10052910052906,
                    170.95767195767195,
                    273.1587301587301,
                    239.74074074074073,
                    286.9153439153439,
                    302.7037037037037,
                    275.27513227513225,
                    336.037037037037,
                    275.27513227513225,
                    418.04761904761904,
                    145.11640211640207,
                    417.5185185185185,
                    147.2328042328042,
                    338.15343915343914,
                    131.35978835978835,
                    307.46560846560845,
                    141.94179894179894,
                    291.06349206349205
                ]
            ],
            "iscrowd": 0,
            "area": 33259.707175051095,
            "image_id": 9,
            "bbox": [
                131.0,
                167.0,
                155.0,
                251.0
            ],
            "category_id": 1,
            "id": 10
        },
        {
            "segmentation": [
                [
                    144.58730158730157,
                    172.015873015873,
                    271.042328042328,
                    172.54497354497354,
                    273.1587301587301,
                    290.005291005291,
                    280.037037037037,
                    309.5820105820106,
                    274.2169312169312,
                    340.79894179894177,
                    274.2169312169312,
                    419.6349206349206,
                    142.47089947089944,
                    418.04761904761904,
                    145.11640211640207,
                    350.85185185185185,
                    135.06349206349205,
                    300.58730158730157,
                    145.11640211640207,
                    290.5343915343915
                ]
            ],
            "iscrowd": 0,
            "area": 32144.53682707646,
            "image_id": 10,
            "bbox": [
                135.0,
                172.0,
                145.0,
                247.0
            ],
            "category_id": 1,
            "id": 11
        },
        {
            "segmentation": [
                [
                    132.94708994708992,
                    170.95767195767195,
                    258.87301587301585,
                    174.1322751322751,
                    257.2857142857143,
                    259.8465608465608,
                    266.28042328042324,
                    306.9365079365079,
                    254.6402116402116,
                    335.5079365079365,
                    262.04761904761904,
                    416.4603174603174,
                    128.71428571428572,
                    420.16402116402116,
                    129.77248677248673,
                    323.3386243386243,
                    121.83597883597884,
                    309.05291005291
                ]
            ],
            "iscrowd": 0,
            "area": 32245.87777497829,
            "image_id": 11,
            "bbox": [
                121.0,
                170.0,
                145.0,
                250.0
            ],
            "category_id": 1,
            "id": 12
        }
    ]
}