{
    "images": [
        {
            "height": 480,
            "width": 640,
            "id": 0,
            "file_name": "11 ds.jpg"
        },
        {
            "height": 480,
            "width": 640,
            "id": 1,
            "file_name": "13.jpg"
        },
        {
            "height": 480,
            "width": 640,
            "id": 2,
            "file_name": "15.jpg"
        },
        {
            "height": 480,
            "width": 640,
            "id": 3,
            "file_name": "16.jpg"
        },
        {
            "height": 480,
            "width": 640,
            "id": 4,
            "file_name": "18.jpg"
        },
        {
            "height": 480,
            "width": 640,
            "id": 5,
            "file_name": "2.jpg"
        },
        {
            "height": 480,
            "width": 640,
            "id": 6,
            "file_name": "24.jpg"
        },
        {
            "height": 480,
            "width": 640,
            "id": 7,
            "file_name": "28.jpg"
        },
        {
            "height": 480,
            "width": 640,
            "id": 8,
            "file_name": "3.jpg"
        },
        {
            "height": 480,
            "width": 640,
            "id": 9,
            "file_name": "30.jpg"
        },
        {
            "height": 480,
            "width": 640,
            "id": 10,
            "file_name": "A052 - 20211130_162746.jpg"
        },
        {
            "height": 480,
            "width": 640,
            "id": 11,
            "file_name": "A053 - 20211130_162754.jpg"
        },
        {
            "height": 480,
            "width": 640,
            "id": 12,
            "file_name": "A054 - 20211130_162801.jpg"
        },
        {
            "height": 480,
            "width": 640,
            "id": 13,
            "file_name": "A055 - 20211130_162806.jpg"
        },
        {
            "height": 480,
            "width": 640,
            "id": 14,
            "file_name": "A056 - 20211130_162812.jpg"
        },
        {
            "height": 480,
            "width": 640,
            "id": 15,
            "file_name": "A057 - 20211130_162819.jpg"
        },
        {
            "height": 480,
            "width": 640,
            "id": 16,
            "file_name": "A058 - 20211130_162827.jpg"
        },
        {
            "height": 480,
            "width": 640,
            "id": 17,
            "file_name": "A059 - 20211130_162834.jpg"
        },
        {
            "height": 480,
            "width": 640,
            "id": 18,
            "file_name": "A060 - 20211130_162840.jpg"
        },
        {
            "height": 480,
            "width": 640,
            "id": 19,
            "file_name": "A061 - 20211130_162849.jpg"
        },
        {
            "height": 480,
            "width": 640,
            "id": 20,
            "file_name": "A063 - 20211130_171731.jpg"
        },
        {
            "height": 480,
            "width": 640,
            "id": 21,
            "file_name": "A064 - 20211130_171737.jpg"
        },
        {
            "height": 480,
            "width": 640,
            "id": 22,
            "file_name": "A065 - 20211130_171747.jpg"
        },
        {
            "height": 480,
            "width": 640,
            "id": 23,
            "file_name": "A066 - 20211130_171755.jpg"
        },
        {
            "height": 480,
            "width": 640,
            "id": 24,
            "file_name": "A067 - 20211130_171804.jpg"
        },
        {
            "height": 480,
            "width": 640,
            "id": 25,
            "file_name": "A068 - 20211130_171812.jpg"
        },
        {
            "height": 480,
            "width": 640,
            "id": 26,
            "file_name": "A069 - 20211130_171819.jpg"
        },
        {
            "height": 480,
            "width": 640,
            "id": 27,
            "file_name": "A070 - 20211130_171827.jpg"
        },
        {
            "height": 480,
            "width": 640,
            "id": 28,
            "file_name": "A071 - 20211130_171837.jpg"
        },
        {
            "height": 480,
            "width": 640,
            "id": 29,
            "file_name": "A072 - 20211130_171844.jpg"
        }
    ],
    "categories": [
        {
            "supercategory": "top",
            "id": 0,
            "name": "top"
        }
    ],
    "annotations": [
        {
            "segmentation": [
                [
                    299.7195767195767,
                    125.45502645502644,
                    497.074074074074,
                    141.32804232804233,
                    484.9047619047618,
                    274.13227513227514,
                    509.2433862433862,
                    300.58730158730157,
                    503.95238095238096,
                    329.6878306878307,
                    493.8994708994709,
                    357.2010582010582,
                    479.61375661375655,
                    368.31216931216926,
                    470.0,
                    479.0,
                    269.0,
                    479.0,
                    277.7124183006536,
                    354.7647058823529,
                    265.29411764705884,
                    333.8496732026144,
                    265.29411764705884,
                    286.7908496732026,
                    270.52287581699346,
                    276.3333333333333,
                    291.437908496732,
                    258.6862745098039
                ]
            ],
            "iscrowd": 0,
            "area": 71848.54142751277,
            "image_id": 0,
            "bbox": [
                265.0,
                125.0,
                244.0,
                354.0
            ],
            "category_id": 0,
            "id": 1
        },
        {
            "segmentation": [
                [
                    166.9153439153439,
                    103.76190476190476,
                    332.5238095238095,
                    108.52380952380952,
                    331.46560846560845,
                    252.43915343915342,
                    348.9259259259259,
                    265.66666666666663,
                    349.98412698412693,
                    278.8941798941799,
                    340.989417989418,
                    305.87830687830683,
                    340.4603174603174,
                    322.8095238095238,
                    329.3492063492063,
                    334.44973544973544,
                    328.0,
                    479.0,
                    159.0,
                    479.0,
                    163.51094890510944,
                    332.81751824817513,
                    154.75182481751824,
                    314.5693430656934,
                    154.02189781021895,
                    304.35036496350364,
                    140.15328467153284,
                    274.42335766423355,
                    158.40145985401455,
                    255.44525547445255,
                    162.7810218978102,
                    254.71532846715326
                ]
            ],
            "iscrowd": 0,
            "area": 64299.7783387464,
            "image_id": 1,
            "bbox": [
                140.0,
                103.0,
                209.0,
                376.0
            ],
            "category_id": 0,
            "id": 2
        },
        {
            "segmentation": [
                [
                    178.55555555555554,
                    92.65079365079364,
                    349.4550264550264,
                    101.11640211640211,
                    343.6349206349206,
                    113.81481481481481,
                    339.9312169312169,
                    240.79894179894177,
                    354.7460317460317,
                    256.1428571428571,
                    352.10052910052906,
                    304.29100529100526,
                    336.7566137566137,
                    322.28042328042324,
                    331.0,
                    479.0,
                    164.0,
                    479.0,
                    169.35036496350364,
                    304.35036496350364,
                    160.59124087591238,
                    290.4817518248175,
                    154.75182481751824,
                    269.31386861313865,
                    161.32116788321167,
                    248.14598540145982,
                    174.45985401459853,
                    237.92700729927003
                ]
            ],
            "iscrowd": 0,
            "area": 65465.52129570482,
            "image_id": 2,
            "bbox": [
                154.0,
                92.0,
                200.0,
                387.0
            ],
            "category_id": 0,
            "id": 3
        },
        {
            "segmentation": [
                [
                    198.36601307189542,
                    87.90849673202614,
                    373.8562091503268,
                    99.01960784313725,
                    369.6078431372549,
                    208.16993464052288,
                    376.1437908496732,
                    212.09150326797385,
                    384.3137254901961,
                    223.20261437908496,
                    391.8300653594771,
                    247.05882352941177,
                    395.42483660130716,
                    261.7647058823529,
                    396.078431372549,
                    267.9738562091503,
                    391.8300653594771,
                    277.45098039215685,
                    378.75816993464053,
                    282.0261437908497,
                    372.54901960784315,
                    284.3137254901961,
                    364.70588235294116,
                    292.156862745098,
                    359.0,
                    479.0,
                    186.0,
                    479.0,
                    189.38759689922477,
                    280.0232558139535,
                    163.80620155038758,
                    264.51937984496124,
                    163.80620155038758,
                    252.89147286821702,
                    172.33333333333331,
                    224.984496124031,
                    197.9147286821705,
                    199.40310077519376
                ]
            ],
            "iscrowd": 0,
            "area": 70294.16792850604,
            "image_id": 3,
            "bbox": [
                163.0,
                87.0,
                233.0,
                392.0
            ],
            "category_id": 0,
            "id": 4
        },
        {
            "segmentation": [
                [
                    190.52287581699346,
                    119.6078431372549,
                    363.39869281045753,
                    125.49019607843137,
                    360.78431372549016,
                    272.22222222222223,
                    376.797385620915,
                    277.45098039215685,
                    387.58169934640523,
                    288.2352941176471,
                    387.58169934640523,
                    299.01960784313724,
                    371.8954248366013,
                    330.718954248366,
                    365.66666666666674,
                    344.83333333333337,
                    358.0277777777778,
                    351.77777777777777,
                    355.0,
                    479.0,
                    180.0,
                    479.0,
                    185.80555555555554,
                    352.47222222222223,
                    170.52777777777777,
                    318.44444444444446,
                    168.44444444444446,
                    292.05555555555554,
                    174.69444444444446,
                    278.86111111111114,
                    187.19444444444446,
                    270.52777777777777
                ]
            ],
            "iscrowd": 0,
            "area": 64149.65214367327,
            "image_id": 4,
            "bbox": [
                168.0,
                119.0,
                219.0,
                360.0
            ],
            "category_id": 0,
            "id": 5
        },
        {
            "segmentation": [
                [
                    162.68253968253967,
                    94.23809523809523,
                    331.99470899470896,
                    96.88359788359787,
                    330.4074074074074,
                    272.015873015873,
                    346.8095238095238,
                    282.06878306878303,
                    335.69841269841265,
                    341.85714285714283,
                    329.87830687830683,
                    348.20634920634916,
                    324.0,
                    479.0,
                    155.0,
                    479.0,
                    157.45098039215685,
                    353.4575163398693,
                    146.96356275303643,
                    347.36842105263156,
                    142.51012145748987,
                    335.2226720647773,
                    144.53441295546557,
                    306.8825910931174,
                    138.8663967611336,
                    291.90283400809716,
                    138.46153846153845,
                    280.9716599190283,
                    159.91902834008096,
                    266.3967611336032
                ]
            ],
            "iscrowd": 0,
            "area": 67392.58341296797,
            "image_id": 5,
            "bbox": [
                138.0,
                94.0,
                208.0,
                385.0
            ],
            "category_id": 0,
            "id": 6
        },
        {
            "segmentation": [
                [
                    175.91005291005288,
                    89.47619047619047,
                    352.6296296296296,
                    93.70899470899471,
                    351.57142857142856,
                    222.8095238095238,
                    363.7407407407407,
                    239.74074074074073,
                    374.3227513227513,
                    278.36507936507934,
                    361.0952380952381,
                    292.1216931216931,
                    355.80423280423275,
                    297.4126984126984,
                    348.39682539682536,
                    307.46560846560845,
                    344.0,
                    479.0,
                    171.0,
                    479.0,
                    173.13725490196077,
                    304.437908496732,
                    156.797385620915,
                    291.3660130718954,
                    150.2614379084967,
                    261.9542483660131,
                    161.37254901960785,
                    233.84967320261438,
                    175.75163398692808,
                    218.16339869281046
                ]
            ],
            "iscrowd": 0,
            "area": 70404.55807827844,
            "image_id": 6,
            "bbox": [
                150.0,
                89.0,
                224.0,
                390.0
            ],
            "category_id": 0,
            "id": 7
        },
        {
            "segmentation": [
                [
                    192.84126984126982,
                    88.41798941798942,
                    370.0899470899471,
                    96.35449735449735,
                    364.79894179894177,
                    250.32275132275132,
                    379.08465608465605,
                    263.021164021164,
                    386.49206349206344,
                    276.2486772486772,
                    375.38095238095235,
                    307.46560846560845,
                    373.7936507936508,
                    329.6878306878307,
                    361.6243386243386,
                    338.68253968253964,
                    358.0,
                    479.0,
                    183.0,
                    479.0,
                    187.5985401459854,
                    343.0364963503649,
                    177.3795620437956,
                    324.05839416058393,
                    180.29927007299267,
                    306.5401459854014,
                    161.32116788321167,
                    283.91240875912405,
                    167.8905109489051,
                    266.3941605839416,
                    189.05839416058393,
                    246.6861313868613
                ]
            ],
            "iscrowd": 0,
            "area": 70328.7416916251,
            "image_id": 7,
            "bbox": [
                161.0,
                88.0,
                225.0,
                391.0
            ],
            "category_id": 0,
            "id": 8
        },
        {
            "segmentation": [
                [
                    184.24836601307192,
                    84.1764705882353,
                    350.9150326797386,
                    94.63398692810458,
                    347.6470588235294,
                    216.20261437908493,
                    369.8692810457517,
                    235.156862745098,
                    373.7908496732026,
                    262.6078431372549,
                    353.52941176470586,
                    293.98039215686276,
                    343.72549019607845,
                    306.39869281045753,
                    336.0,
                    479.0,
                    169.0,
                    479.0,
                    176.40522875816993,
                    298.55555555555554,
                    160.718954248366,
                    280.2549019607843,
                    154.83660130718954,
                    248.22875816993462,
                    158.75816993464053,
                    230.58169934640523,
                    177.7124183006536,
                    212.93464052287584
                ]
            ],
            "iscrowd": 0,
            "area": 68326.39600153791,
            "image_id": 8,
            "bbox": [
                154.0,
                84.0,
                219.0,
                395.0
            ],
            "category_id": 0,
            "id": 9
        },
        {
            "segmentation": [
                [
                    157.6715328467153,
                    106.54014598540144,
                    195.54655870445342,
                    104.85829959514169,
                    220.24291497975707,
                    105.26315789473684,
                    248.17813765182186,
                    108.50202429149796,
                    327.1255060728745,
                    114.97975708502024,
                    321.8623481781376,
                    295.95141700404855,
                    340.8906882591093,
                    304.45344129554655,
                    344.12955465587044,
                    325.10121457489873,
                    330.7692307692307,
                    353.8461538461538,
                    328.744939271255,
                    365.99190283400804,
                    318.6234817813765,
                    378.9473684210526,
                    319.0,
                    479.0,
                    146.0,
                    479.0,
                    150.89440993788816,
                    372.90683229813664,
                    142.8198757763975,
                    366.07453416149065,
                    144.68322981366458,
                    353.65217391304344,
                    132.26086956521738,
                    317.62732919254654,
                    135.98757763975152,
                    307.6894409937888,
                    153.37888198757764,
                    300.2360248447205
                ]
            ],
            "iscrowd": 0,
            "area": 64756.575166209135,
            "image_id": 9,
            "bbox": [
                132.0,
                104.0,
                212.0,
                375.0
            ],
            "category_id": 0,
            "id": 10
        },
        {
            "segmentation": [
                [
                    203.9523809523809,
                    134.97883597883597,
                    367.97354497354496,
                    142.9153439153439,
                    365.3280423280423,
                    263.021164021164,
                    383.3174603174603,
                    281.01058201058197,
                    390.1957671957672,
                    304.8201058201058,
                    391.2539682539682,
                    322.28042328042324,
                    367.97354497354496,
                    333.9206349206349,
                    361.0952380952381,
                    347.14814814814815,
                    356.0,
                    479.0,
                    198.0,
                    479.0,
                    203.65693430656933,
                    340.11678832116786,
                    191.2481751824817,
                    329.1678832116788,
                    183.94890510948903,
                    289.02189781021895,
                    191.978102189781,
                    273.69343065693425,
                    206.5766423357664,
                    264.20437956204375
                ]
            ],
            "iscrowd": 0,
            "area": 56704.312853187555,
            "image_id": 10,
            "bbox": [
                183.0,
                134.0,
                208.0,
                345.0
            ],
            "category_id": 0,
            "id": 11
        },
        {
            "segmentation": [
                [
                    205.01058201058197,
                    131.27513227513228,
                    363.7407407407407,
                    134.44973544973544,
                    360.037037037037,
                    293.1798941798942,
                    376.9682539682539,
                    300.05820105820106,
                    367.4444444444444,
                    354.55555555555554,
                    355.27513227513225,
                    370.95767195767195,
                    353.0,
                    479.0,
                    192.0,
                    479.0,
                    197.81751824817513,
                    363.4744525547445,
                    191.978102189781,
                    351.0656934306569,
                    191.978102189781,
                    335.7372262773722,
                    181.02919708029196,
                    308.72992700729924,
                    183.94890510948903,
                    300.7007299270073,
                    202.1970802919708,
                    294.13138686131384
                ]
            ],
            "iscrowd": 0,
            "area": 56546.477060537785,
            "image_id": 11,
            "bbox": [
                181.0,
                131.0,
                195.0,
                348.0
            ],
            "category_id": 0,
            "id": 12
        },
        {
            "segmentation": [
                [
                    196.015873015873,
                    143.97354497354496,
                    355.80423280423275,
                    145.56084656084656,
                    353.1587301587301,
                    293.7089947089947,
                    368.50264550264546,
                    310.1111111111111,
                    356.3333333333333,
                    347.14814814814815,
                    351.57142857142856,
                    360.90476190476187,
                    350.0,
                    479.0,
                    189.0,
                    479.0,
                    190.78431372549016,
                    359.33986928104576,
                    183.59477124183007,
                    348.2287581699346,
                    182.94117647058823,
                    335.81045751633985,
                    174.44444444444446,
                    309.6666666666667,
                    194.70588235294116,
                    287.44444444444446
                ]
            ],
            "iscrowd": 0,
            "area": 54710.05206033029,
            "image_id": 12,
            "bbox": [
                174.0,
                143.0,
                194.0,
                336.0
            ],
            "category_id": 0,
            "id": 13
        },
        {
            "segmentation": [
                [
                    209.49635036496346,
                    160.55474452554742,
                    370.81021897810217,
                    164.20437956204375,
                    369.3503649635036,
                    280.992700729927,
                    378.83941605839414,
                    288.2919708029197,
                    389.78832116788317,
                    315.29927007299267,
                    390.5182481751824,
                    343.0364963503649,
                    367.16058394160575,
                    375.1532846715328,
                    364.0,
                    479.0,
                    203.0,
                    479.0,
                    203.65693430656933,
                    365.6642335766423,
                    194.16788321167883,
                    348.87591240875906,
                    190.51824817518246,
                    329.1678832116788,
                    201.4671532846715,
                    288.2919708029197,
                    208.41071428571428,
                    282.1428571428571
                ]
            ],
            "iscrowd": 0,
            "area": 53490.7619726297,
            "image_id": 13,
            "bbox": [
                190.0,
                160.0,
                200.0,
                319.0
            ],
            "category_id": 0,
            "id": 14
        },
        {
            "segmentation": [
                [
                    217.53763440860212,
                    137.39784946236557,
                    375.06451612903226,
                    142.23655913978493,
                    371.30107526881716,
                    267.505376344086,
                    385.2795698924731,
                    282.02150537634407,
                    385.2795698924731,
                    292.23655913978496,
                    400.3333333333333,
                    304.6021505376344,
                    404.09677419354836,
                    326.1075268817204,
                    372.9139784946236,
                    355.13978494623655,
                    367.5376344086021,
                    371.80645161290323,
                    363.0,
                    479.0,
                    204.0,
                    479.0,
                    207.33333333333331,
                    353.6666666666667,
                    196.0,
                    336.3333333333333,
                    186.66666666666669,
                    316.3333333333333,
                    196.66666666666669,
                    287.0,
                    212.0,
                    268.3333333333333
                ]
            ],
            "iscrowd": 0,
            "area": 57063.57966238877,
            "image_id": 14,
            "bbox": [
                186.0,
                137.0,
                218.0,
                342.0
            ],
            "category_id": 0,
            "id": 15
        },
        {
            "segmentation": [
                [
                    211.88888888888886,
                    124.92592592592592,
                    369.031746031746,
                    137.6243386243386,
                    367.97354497354496,
                    242.9153439153439,
                    383.8465608465608,
                    265.66666666666663,
                    391.2539682539682,
                    292.6507936507936,
                    376.4391534391534,
                    314.87301587301585,
                    365.85714285714283,
                    321.75132275132273,
                    362.68253968253964,
                    336.56613756613757,
                    359.0,
                    479.0,
                    196.0,
                    479.0,
                    202.1970802919708,
                    317.4890510948905,
                    191.978102189781,
                    305.81021897810217,
                    183.94890510948903,
                    275.8832116788321,
                    194.89781021897807,
                    253.98540145985396,
                    208.03649635036493,
                    242.3065693430657
                ]
            ],
            "iscrowd": 0,
            "area": 58144.010004841606,
            "image_id": 15,
            "bbox": [
                183.0,
                124.0,
                208.0,
                355.0
            ],
            "category_id": 0,
            "id": 16
        },
        {
            "segmentation": [
                [
                    203.4232804232804,
                    153.49735449735448,
                    356.8624338624338,
                    150.32275132275132,
                    355.80423280423275,
                    302.17460317460313,
                    378.026455026455,
                    320.16402116402116,
                    364.26984126984127,
                    357.73015873015873,
                    355.27513227513225,
                    385.2433862433862,
                    351.042328042328,
                    391.06349206349205,
                    351.0,
                    479.0,
                    195.0,
                    479.0,
                    197.9738562091503,
                    400.516339869281,
                    187.516339869281,
                    396.5947712418301,
                    180.32679738562092,
                    387.44444444444446,
                    182.2875816993464,
                    337.7712418300654,
                    176.40522875816993,
                    312.93464052287584,
                    184.9019607843137,
                    308.359477124183,
                    199.93464052287584,
                    299.8627450980392
                ]
            ],
            "iscrowd": 0,
            "area": 53284.679781958694,
            "image_id": 16,
            "bbox": [
                176.0,
                150.0,
                202.0,
                329.0
            ],
            "category_id": 0,
            "id": 17
        },
        {
            "segmentation": [
                [
                    211.87050359712228,
                    151.07913669064746,
                    369.78417266187046,
                    160.43165467625897,
                    367.6258992805755,
                    265.82733812949635,
                    382.0143884892086,
                    284.89208633093523,
                    385.61151079136687,
                    295.3237410071942,
                    382.0143884892086,
                    325.89928057553954,
                    377.33812949640287,
                    335.2517985611511,
                    364.74820143884887,
                    342.0863309352518,
                    362.58992805755395,
                    352.8776978417266,
                    361.0,
                    479.0,
                    200.0,
                    479.0,
                    205.30769230769226,
                    346.9230769230769,
                    191.46153846153845,
                    330.0,
                    190.69230769230768,
                    284.6153846153846,
                    206.8461538461538,
                    264.6153846153846
                ]
            ],
            "iscrowd": 0,
            "area": 53566.29571404809,
            "image_id": 17,
            "bbox": [
                190.0,
                151.0,
                195.0,
                328.0
            ],
            "category_id": 0,
            "id": 18
        },
        {
            "segmentation": [
                [
                    213.47619047619048,
                    134.44973544973544,
                    371.1481481481481,
                    143.97354497354496,
                    366.9153439153439,
                    301.64550264550263,
                    384.37566137566137,
                    309.05291005291,
                    388.07936507936506,
                    323.86772486772486,
                    377.4973544973545,
                    359.3174603174603,
                    377.4973544973545,
                    379.9523809523809,
                    365.85714285714283,
                    388.4179894179894,
                    363.0,
                    479.0,
                    199.0,
                    479.0,
                    202.54901960784315,
                    379.60130718954247,
                    197.32026143790847,
                    371.1045751633987,
                    196.66666666666669,
                    352.1503267973856,
                    184.24836601307192,
                    325.3529411764706,
                    190.78431372549016,
                    312.281045751634,
                    207.77777777777777,
                    302.47712418300654
                ]
            ],
            "iscrowd": 0,
            "area": 56701.679130911594,
            "image_id": 18,
            "bbox": [
                184.0,
                134.0,
                204.0,
                345.0
            ],
            "category_id": 0,
            "id": 19
        },
        {
            "segmentation": [
                [
                    212.94708994708992,
                    127.57142857142856,
                    371.67724867724866,
                    137.6243386243386,
                    363.7407407407407,
                    310.64021164021165,
                    379.08465608465605,
                    315.4021164021164,
                    384.90476190476187,
                    329.1587301587301,
                    371.67724867724866,
                    363.5502645502645,
                    370.0899470899471,
                    377.3068783068783,
                    360.037037037037,
                    388.4179894179894,
                    356.0,
                    479.0,
                    195.0,
                    479.0,
                    201.1456953642384,
                    382.046357615894,
                    195.84768211920527,
                    374.0993377483444,
                    195.18543046357615,
                    362.1788079470199,
                    182.60264900662253,
                    328.4039735099338,
                    185.25165562913907,
                    320.4569536423841,
                    203.13245033112582,
                    311.8476821192053
                ]
            ],
            "iscrowd": 0,
            "area": 57217.89372694213,
            "image_id": 19,
            "bbox": [
                182.0,
                127.0,
                202.0,
                352.0
            ],
            "category_id": 0,
            "id": 20
        },
        {
            "segmentation": [
                [
                    213.47619047619048,
                    138.15343915343914,
                    373.7936507936508,
                    134.97883597883597,
                    373.7936507936508,
                    291.59259259259255,
                    388.07936507936506,
                    301.64550264550263,
                    390.1957671957672,
                    315.4021164021164,
                    378.55555555555554,
                    346.0899470899471,
                    376.9682539682539,
                    359.8465608465608,
                    370.0899470899471,
                    366.7248677248677,
                    367.0,
                    479.0,
                    199.0,
                    479.0,
                    202.1021021021021,
                    367.26726726726724,
                    197.2972972972973,
                    360.36036036036035,
                    196.3963963963964,
                    347.14714714714717,
                    191.5915915915916,
                    331.83183183183183,
                    190.99099099099098,
                    318.9189189189189,
                    182.88288288288288,
                    303.9039039039039,
                    203.6036036036036,
                    285.8858858858859
                ]
            ],
            "iscrowd": 0,
            "area": 58805.41147513059,
            "image_id": 20,
            "bbox": [
                182.0,
                134.0,
                208.0,
                345.0
            ],
            "category_id": 0,
            "id": 21
        },
        {
            "segmentation": [
                [
                    212.060606060606,
                    126.42424242424241,
                    374.48484848484844,
                    134.9090909090909,
                    371.8654434250765,
                    275.22935779816515,
                    386.54434250764524,
                    282.87461773700306,
                    391.13149847094803,
                    289.9082568807339,
                    390.2140672782875,
                    297.5535168195719,
                    383.7920489296636,
                    332.11009174311926,
                    382.262996941896,
                    349.84709480122325,
                    374.9235474006116,
                    359.0214067278287,
                    366.0550458715596,
                    362.0795107033639,
                    362.0,
                    479.0,
                    201.0,
                    479.0,
                    202.54901960784315,
                    323.3921568627451,
                    195.359477124183,
                    304.437908496732,
                    187.516339869281,
                    286.7908496732026,
                    207.12418300653593,
                    274.37254901960785
                ]
            ],
            "iscrowd": 0,
            "area": 58802.87276630057,
            "image_id": 21,
            "bbox": [
                187.0,
                126.0,
                204.0,
                353.0
            ],
            "category_id": 0,
            "id": 22
        },
        {
            "segmentation": [
                [
                    203.4232804232804,
                    125.98412698412697,
                    366.38624338624334,
                    132.33333333333331,
                    365.85714285714283,
                    249.26455026455025,
                    384.37566137566137,
                    264.60846560846556,
                    393.8994708994709,
                    285.77248677248673,
                    397.074074074074,
                    295.8253968253968,
                    393.8994708994709,
                    307.46560846560845,
                    375.38095238095235,
                    320.69312169312167,
                    361.0952380952381,
                    332.8624338624338,
                    359.0,
                    479.0,
                    194.0,
                    479.0,
                    198.41176470588238,
                    326.5294117647059,
                    188.41176470588238,
                    316.5294117647059,
                    183.70588235294116,
                    297.70588235294116,
                    180.1764705882353,
                    282.4117647058824,
                    181.3529411764706,
                    268.88235294117646,
                    201.3529411764706,
                    251.23529411764707
                ]
            ],
            "iscrowd": 0,
            "area": 60069.84621570725,
            "image_id": 22,
            "bbox": [
                180.0,
                125.0,
                217.0,
                354.0
            ],
            "category_id": 0,
            "id": 23
        },
        {
            "segmentation": [
                [
                    184.90476190476187,
                    136.03703703703704,
                    354.2169312169312,
                    137.6243386243386,
                    352.10052910052906,
                    256.67195767195767,
                    365.3280423280423,
                    276.2486772486772,
                    370.6190476190476,
                    292.6507936507936,
                    371.1481481481481,
                    303.2328042328042,
                    371.1481481481481,
                    312.2275132275132,
                    356.3333333333333,
                    332.8624338624338,
                    349.98412698412693,
                    339.7407407407407,
                    348.0,
                    479.0,
                    183.0,
                    479.0,
                    186.8686131386861,
                    337.1970802919708,
                    185.40875912408757,
                    330.62773722627736,
                    167.8905109489051,
                    323.32846715328463,
                    164.97080291970798,
                    297.0510948905109,
                    172.2700729927007,
                    280.992700729927,
                    178.83941605839414,
                    266.3941605839416,
                    189.05839416058393,
                    257.6350364963503
                ]
            ],
            "iscrowd": 0,
            "area": 58598.668873494375,
            "image_id": 23,
            "bbox": [
                164.0,
                136.0,
                207.0,
                343.0
            ],
            "category_id": 0,
            "id": 24
        },
        {
            "segmentation": [
                [
                    244.16402116402116,
                    152.43915343915342,
                    408.18518518518516,
                    163.021164021164,
                    401.3068783068783,
                    277.83597883597884,
                    420.8835978835979,
                    292.6507936507936,
                    430.9365079365079,
                    317.5185185185185,
                    425.11640211640207,
                    338.15343915343914,
                    403.4232804232804,
                    346.6190476190476,
                    395.48677248677245,
                    355.6137566137566,
                    387.0,
                    479.0,
                    213.0,
                    479.0,
                    231.30718954248363,
                    347.5751633986928,
                    216.9281045751634,
                    334.5032679738562,
                    205.16339869281046,
                    320.12418300653593,
                    205.8169934640523,
                    297.2483660130719,
                    214.96732026143792,
                    282.8692810457516,
                    235.88235294117646,
                    267.1830065359477
                ]
            ],
            "iscrowd": 0,
            "area": 56846.45808843989,
            "image_id": 24,
            "bbox": [
                205.0,
                152.0,
                225.0,
                327.0
            ],
            "category_id": 0,
            "id": 25
        },
        {
            "segmentation": [
                [
                    220.3544973544973,
                    133.39153439153438,
                    377.4973544973545,
                    137.6243386243386,
                    373.2645502645502,
                    277.83597883597884,
                    388.60846560846556,
                    285.77248677248673,
                    390.1957671957672,
                    297.94179894179894,
                    379.6137566137566,
                    328.6296296296296,
                    376.9682539682539,
                    343.4444444444444,
                    367.97354497354496,
                    350.85185185185185,
                    367.0,
                    479.0,
                    201.0,
                    479.0,
                    205.8169934640523,
                    350.84313725490193,
                    197.9738562091503,
                    340.3856209150327,
                    195.359477124183,
                    314.24183006535947,
                    181.63398692810455,
                    292.01960784313724,
                    205.8169934640523,
                    273.718954248366,
                    212.04379562043795,
                    141.24087591240874
                ]
            ],
            "iscrowd": 0,
            "area": 58497.16274168331,
            "image_id": 25,
            "bbox": [
                181.0,
                133.0,
                209.0,
                346.0
            ],
            "category_id": 0,
            "id": 26
        },
        {
            "segmentation": [
                [
                    207.30656934306563,
                    135.73722627737226,
                    280.29927007299267,
                    129.8978102189781,
                    367.7857142857143,
                    133.92857142857142,
                    362.87499999999994,
                    283.9285714285714,
                    376.71428571428567,
                    290.1785714285714,
                    385.6428571428571,
                    303.57142857142856,
                    373.1428571428571,
                    318.3035714285714,
                    376.71428571428567,
                    324.99999999999994,
                    369.57142857142856,
                    335.2678571428571,
                    371.8035714285714,
                    350.8928571428571,
                    360.19642857142856,
                    366.07142857142856,
                    358.0,
                    479.0,
                    192.0,
                    479.0,
                    195.4137931034483,
                    359.7931034482759,
                    189.89655172413796,
                    353.58620689655174,
                    186.44827586206895,
                    328.7586206896552,
                    176.79310344827587,
                    316.3448275862069,
                    179.55172413793105,
                    299.1034482758621,
                    186.44827586206895,
                    286.6896551724138,
                    198.86206896551727,
                    280.48275862068965
                ]
            ],
            "iscrowd": 0,
            "area": 58780.98074474896,
            "image_id": 26,
            "bbox": [
                176.0,
                129.0,
                209.0,
                350.0
            ],
            "category_id": 0,
            "id": 27
        },
        {
            "segmentation": [
                [
                    201.30687830687827,
                    133.9206349206349,
                    369.031746031746,
                    138.15343915343914,
                    367.4444444444444,
                    282.5978835978836,
                    379.6137566137566,
                    293.1798941798942,
                    383.3174603174603,
                    305.87830687830683,
                    375.91005291005285,
                    334.97883597883595,
                    375.38095238095235,
                    357.2010582010582,
                    362.68253968253964,
                    365.1375661375661,
                    361.0,
                    479.0,
                    195.0,
                    479.0,
                    200.2439024390244,
                    368.3739837398374,
                    190.4878048780488,
                    355.3658536585366,
                    192.1138211382114,
                    332.6016260162602,
                    175.04065040650408,
                    319.5934959349594,
                    181.5447154471545,
                    300.0813008130081,
                    200.2439024390244,
                    283.8211382113821
                ]
            ],
            "iscrowd": 0,
            "area": 58891.82799597259,
            "image_id": 27,
            "bbox": [
                175.0,
                133.0,
                208.0,
                346.0
            ],
            "category_id": 0,
            "id": 28
        },
        {
            "segmentation": [
                [
                    224.05820105820106,
                    136.56613756613757,
                    387.5502645502645,
                    142.9153439153439,
                    384.90476190476187,
                    267.25396825396825,
                    393.8994708994709,
                    279.9523809523809,
                    394.4285714285714,
                    294.23809523809524,
                    408.18518518518516,
                    318.57671957671954,
                    405.01058201058197,
                    334.44973544973544,
                    392.31216931216926,
                    350.85185185185185,
                    377.479674796748,
                    361.869918699187,
                    374.0,
                    479.0,
                    206.0,
                    479.0,
                    210.0,
                    345.609756097561,
                    185.609756097561,
                    323.6585365853659,
                    185.609756097561,
                    309.8373983739838,
                    211.6260162601626,
                    270.8130081300813
                ]
            ],
            "iscrowd": 0,
            "area": 59903.51383920072,
            "image_id": 28,
            "bbox": [
                185.0,
                136.0,
                223.0,
                343.0
            ],
            "category_id": 0,
            "id": 29
        },
        {
            "segmentation": [
                [
                    218.76719576719574,
                    134.44973544973544,
                    382.25925925925924,
                    145.56084656084656,
                    377.4973544973545,
                    279.9523809523809,
                    393.3703703703703,
                    291.06349206349205,
                    392.31216931216926,
                    301.11640211640207,
                    383.8465608465608,
                    328.10052910052906,
                    382.25925925925924,
                    340.26984126984127,
                    382.78835978835974,
                    345.5608465608465,
                    373.2645502645502,
                    358.25925925925924,
                    369.0,
                    479.0,
                    200.0,
                    479.0,
                    207.77777777777777,
                    351.4967320261438,
                    202.54901960784315,
                    338.42483660130716,
                    198.62745098039215,
                    305.7450980392157,
                    191.437908496732,
                    290.7124183006536,
                    210.39215686274508,
                    274.37254901960785
                ]
            ],
            "iscrowd": 0,
            "area": 57918.864937018254,
            "image_id": 29,
            "bbox": [
                191.0,
                134.0,
                202.0,
                345.0
            ],
            "category_id": 0,
            "id": 30
        }
    ]
}